{"stats":{"minecraft:dropped":{"minecraft:lever":1,"electromod:rubber_gloves":1,"electromod:iron_coil":1,"electromod:copper_coil":1,"electromod:electro_staff":1,"electromod:golden_coil":1},"minecraft:custom":{"minecraft:time_since_rest":874,"minecraft:sprint_one_cm":133191,"minecraft:walk_one_cm":246846,"minecraft:mob_kills":3,"minecraft:drop":6,"minecraft:damage_dealt":650,"minecraft:fly_one_cm":724424,"minecraft:open_chest":11,"minecraft:crouch_one_cm":8974,"minecraft:play_time":161058,"minecraft:deaths":7,"minecraft:sneak_time":2881,"minecraft:boat_one_cm":988,"minecraft:jump":573,"minecraft:leave_game":5,"minecraft:walk_on_water_one_cm":1166,"minecraft:time_since_death":852,"minecraft:total_world_time":178937},"minecraft:killed":{"minecraft:trader_llama":2,"minecraft:wandering_trader":1},"minecraft:picked_up":{"electromod:copper_coil":2,"minecraft:leather":2,"minecraft:lead":2,"electromod:rubber_gloves":1,"minecraft:redstone":4,"minecraft:dirt":32,"electromod:iron_coil":2,"minecraft:leather_boots":1,"minecraft:lever":1,"electromod:golden_coil":2,"minecraft:redstone_torch":3,"minecraft:sugar_cane":13,"electromod:electro_staff":15},"minecraft:used":{"electromod:electro_dector":16,"minecraft:calcite":18,"minecraft:sticky_piston":18,"minecraft:piston":11,"minecraft:lever":12,"minecraft:water_bucket":1,"minecraft:netherite_sword":9,"electromod:copper_wire":38,"minecraft:end_rod":4,"minecraft:command_block":2,"electromod:magnet_item":199,"minecraft:lodestone":6,"electromod:pn_diode":2,"minecraft:grass_block":31,"minecraft:dark_oak_sign":2,"minecraft:redstone":111,"minecraft:slime_block":1,"minecraft:stone_button":2,"minecraft:chest":1,"electromod:copper_coil":8,"minecraft:redstone_block":15,"minecraft:sheep_spawn_egg":3,"minecraft:sugar_cane":11,"minecraft:glow_ink_sac":2,"minecraft:leather_boots":1,"electromod:magnetic_detector":29,"minecraft:debug_stick":38,"minecraft:glow_item_frame":3,"minecraft:redstone_lamp":121,"minecraft:dirt":42,"minecraft:comparator":3,"minecraft:dark_oak_boat":3,"electromod:battery":11,"minecraft:iron_trapdoor":2,"electromod:electro_staff":30,"electromod:gold_wire":4,"electromod:iron_coil":18,"electromod:wire":1,"electromod:magnet_block":10,"minecraft:observer":38,"minecraft:bamboo_mosaic_slab":17,"electromod:golden_coil":17,"minecraft:redstone_torch":3,"electromod:ac_dc_converter":11}},"DataVersion":3955}