{"stats":{"minecraft:picked_up":{"minecraft:redstone_torch":1},"minecraft:custom":{"minecraft:time_since_rest":286,"minecraft:crouch_one_cm":966,"minecraft:sprint_one_cm":1685,"minecraft:play_time":7539,"minecraft:deaths":1,"minecraft:walk_one_cm":54634,"minecraft:sneak_time":204,"minecraft:jump":36,"minecraft:leave_game":2,"minecraft:time_since_death":263,"minecraft:total_world_time":7596,"minecraft:fly_one_cm":23792},"minecraft:used":{"electromod:electro_dector":5,"electromod:ac_dc_converter":10,"electromod:copper_wire":78,"minecraft:redstone_lamp":72,"electromod:battery":14,"electromod:pn_diode":2,"minecraft:grass_block":24,"electromod:electro_staff":9,"minecraft:redstone":68,"electromod:gold_wire":2,"electromod:wire":1,"minecraft:redstone_torch":2}},"DataVersion":3955}